first_name,last_name,scope_id,email
Alain,DIECKHOFF,14,alain.dieckhoff@entreprisea.fr
Alexandre,DESRUMAUX,14,alexandre.desrumaux@entreprisea.fr
Alice,ANTHEAUME,14,alice.antheaume@entreprisea.fr
Alice,JUDELL,14,alice.judell@entreprisea.fr
Alifaycal,ZEROUATI,14,alifaycal.zerouati@entreprisea.fr
Allison,ROVNY,14,allison.rovny@entreprisea.fr
Ambroisine,BOURBON,14,ambroisine.bourbon@entreprisea.fr
Andreas,ROESSNER,14,andreas.roessner@entreprisea.fr
Angelique,PAWLOWSKI,14,angelique.pawlowski@entreprisea.fr
Anita,BELDIMANMOORE,14,anita.beldimanmoore@entreprisea.fr
Annabelle,MONDON,14,annabelle.mondon@entreprisea.fr
Anne,CORNILLEAU,14,anne.cornilleau@entreprisea.fr
Anne,LEPAGE,14,anne.lepage@entreprisea.fr
Anne,LESEGRETAIN,14,anne.lesegretain@entreprisea.fr
Annelaure,FAURE,14,annelaure.faure@entreprisea.fr
